EmpID,Name,Department,Salary,Age,City,Joining_Year
1001,Aarav, HR,33278,45,Delhi,2026
1002,Sneha,IT ,48289,45,Mumbai,2026
1003,Aarav,Sales,41395,40,Bangalore,2026
1004,Rahul, HR ,42280,28,Pune,2026
1005,Arjun,Sales,33478,39,Pune,2026
1006,Ananya,Sales,84987,29,Bangalore,2026
1007,Meera,Finance,30851,27,Bangalore,2026
1008,Neha,Finance,50379,28,Delhi,2026
1009,Priya,HR,79797,25,Delhi,2026
1010,Diya,Finance,109131,30,Mumbai,2026
1011,Ananya,Marketing,100284,25,Bangalore,2026
1012,Priya,Sales,68427,42,Hyderabad,2026
1013,Aditya,Finance,105674,28,Mumbai,2026
1014,Rahul,IT,67930,24,Pune,2026
1015,Diya,HR,79823,30,Bangalore,2026
1016,Aarav,Finance,51319,33,Delhi,2026
1017,Sneha,Finance,119593,42,Mumbai,2026
1018,Meera,IT,100010,45,Pune,2026
1019,Amit,Marketing,79735,30,Hyderabad,2026
1020,Sneha,Finance,37331,29,Mumbai,2026
1021,Vivaan,Finance,82581,30,Mumbai,2026
1022,Sneha,Sales,71245,28,Bangalore,2026
1023,Karan,Marketing,48726,30,Pune,2026
1024,Sneha,Sales,100644,30,Hyderabad,2026
1025,Karan,Sales,82350,33,Pune,2026
1026,Amit,Sales,94686,24,Mumbai,2026
1027,Diya,HR,50033,42,Pune,2026
1028,Vivaan,Marketing,108172,24,Bangalore,2026
1029,Karan,Sales,91348,38,Delhi,2026
1030,Arjun,HR,119166,45,Mumbai,2026
1031,Aarav,Sales,64973,42,Delhi,2026
1032,Priya,Finance,86985,27,Bangalore,2026
1033,Rahul,Finance,95612,27,Hyderabad,2026
1034,Aditya,HR,111959,31,Hyderabad,2026
1035,Meera,IT,50032,33,Pune,2026
1036,Arjun,Sales,30074,41,Delhi,2026
1037,Pooja,HR,44662,33,Delhi,2026
1038,Sneha,HR,61571,40,Mumbai,2026
1039,Priya,Marketing,39071,39,Pune,2026
1040,Amit,Marketing,102063,27,Delhi,2026
1041,Arjun,Sales,85461,28,Hyderabad,2026
1042,Vivaan,IT,70857,34,Delhi,2026
1043,Pooja,Sales,89177,25,Pune,2026
1044,Sneha,HR,74313,22,Hyderabad,2026
1045,Arjun,IT,107128,29,Mumbai,2026
1046,Priya,HR,60007,24,Mumbai,2026
1047,Diya,Finance,39287,38,Pune,2026
1048,Rohan,Marketing,58080,39,Pune,2026
1049,Ananya,Sales,105525,37,Pune,2026
1050,Vivaan,Marketing,83354,28,Mumbai,2026
1051,Priya,Marketing,76438,35,Bangalore,2026
1052,Pooja,HR,118259,42,Mumbai,2026
1053,Rahul,Marketing,74473,25,Pune,2026
1054,Sneha,IT,100292,36,Pune,2026
1055,Karan,IT,66509,36,Pune,2026
1056,Diya,HR,88082,39,Mumbai,2026
1057,Rahul,Sales,31934,24,Pune,2026
1058,Amit,Marketing,93653,37,Pune,2026
1059,Diya,Marketing,37685,27,Bangalore,2026
1060,Rahul,Marketing,64760,36,Delhi,2026
1061,Karan,Sales,116752,44,Bangalore,2026
1062,Amit,IT,68890,28,Mumbai,2026
1063,Meera,Sales,37989,45,Delhi,2026
1064,Rahul,HR,106569,37,Hyderabad,2026
1065,Aditya,Sales,50635,23,Hyderabad,2026
1066,Priya,IT,38981,41,Mumbai,2026
1067,Aarav,IT,82923,25,Hyderabad,2026
1068,Sneha,Sales,107924,23,Hyderabad,2026
1069,Priya,Marketing,116163,40,Hyderabad,2026
1070,Arjun,Finance,64179,28,Delhi,2026
1071,Sneha,Finance,81876,26,Delhi,2026
1072,Pooja,Finance,39508,22,Bangalore,2026
1073,Meera,Sales,43104,24,Hyderabad,2026
1074,Sneha,Sales,64760,26,Delhi,2026
1075,Aditya,HR,62018,33,Delhi,2026
1076,Amit,Marketing,101200,44,Delhi,2026
1077,Meera,Sales,31025,43,Hyderabad,2026
1078,Rohan,HR,47601,30,Mumbai,2026
1079,Aditya,HR,102512,26,Delhi,2026
1080,Rohan,Sales,57607,44,Delhi,2026
1081,Sneha,Finance,96244,37,Delhi,2026
1082,Aditya,HR,42097,42,Bangalore,2026
1083,Diya,Finance,35778,22,Delhi,2026
1084,Vivaan,IT,113507,30,Pune,2026
1085,Ananya,Marketing,102309,44,Bangalore,2026
1086,Arjun,HR,44663,24,Pune,2026
1087,Arjun,HR,78393,40,Hyderabad,2026
1088,Amit,Marketing,46704,23,Delhi,2026
1089,Neha,HR,76898,28,Pune,2026
1090,Aarav,HR,76357,39,Bangalore,2026
1091,Meera,IT,61029,27,Pune,2026
1092,Aditya,Marketing,33248,27,Delhi,2026
1093,Vivaan,Marketing,117806,45,Pune,2026
1094,Rohan,IT,44168,34,Mumbai,2026
1095,Diya,Marketing,59154,28,Bangalore,2026
1096,Neha,Finance,59831,29,Mumbai,2026
1097,Aarav,IT,82227,32,Delhi,2026
1098,Diya,HR,66585,33,Hyderabad,2026
1099,Karan,Sales,73404,22,Mumbai,2026
1100,Aditya,Finance,53405,40,Delhi,2026
1101,Rahul,HR,108193,35,Delhi,2026
1102,Ananya,Finance,87199,41,Hyderabad,2026
1103,Priya,Marketing,105574,28,Delhi,2026
1104,Rahul,Marketing,30221,38,Hyderabad,2026
1105,Aarav,IT,77739,35,Mumbai,2026
1106,Aarav,Finance,111678,32,Mumbai,2026
1107,Ananya,Finance,96469,31,Bangalore,2026
1108,Neha,Marketing,68752,39,Pune,2026
1109,Sneha,Marketing,117153,34,Pune,2026
1110,Meera,Sales,69446,34,Hyderabad,2026
1111,Diya,HR,69829,31,Pune,2026
1112,Karan,Sales,109516,42,Delhi,2026
1113,Pooja,Marketing,87954,43,Pune,2026
1114,Arjun,Marketing,52241,43,Mumbai,2026
1115,Rohan,Sales,117012,42,Hyderabad,2026
1116,Neha,HR,60784,43,Delhi,2026
1117,Sneha,IT,49313,22,Mumbai,2026
1118,Sneha,Marketing,110120,24,Bangalore,2026
1119,Karan,Sales,55485,44,Bangalore,2026
1120,Pooja,Marketing,61979,26,Mumbai,2026
1121,Aditya,HR,85724,29,Pune,2026
1122,Vivaan,Sales,90889,23,Hyderabad,2026
1123,Sneha,HR,89829,26,Bangalore,2026
1124,Aarav,Sales,103259,41,Delhi,2026
1125,Vivaan,Marketing,110301,45,Hyderabad,2026
1126,Karan,Sales,88446,27,Bangalore,2026
1127,Pooja,Finance,62406,42,Delhi,2026
1128,Vivaan,Sales,93517,42,Pune,2026
1129,Rohan,Marketing,40155,44,Delhi,2026
1130,Sneha,Finance,74020,32,Hyderabad,2026
1131,Priya,IT,49769,29,Bangalore,2026
1132,Ananya,IT,58043,24,Bangalore,2026
1133,Karan,Finance,101121,36,Bangalore,2026
1134,Rahul,IT,85069,34,Hyderabad,2026
1135,Ananya,HR,105456,34,Bangalore,2026
1136,Rahul,Finance,69139,34,Bangalore,2026
1137,Arjun,Sales,109069,29,Bangalore,2026
1138,Sneha,Finance,87125,37,Mumbai,2026
1139,Karan,Finance,117670,43,Bangalore,2026
1140,Ananya,IT,91261,26,Hyderabad,2026
1141,Arjun,HR,81645,40,Hyderabad,2026
1142,Aarav,HR,41003,42,Bangalore,2026
1143,Amit,Marketing,53819,23,Delhi,2026
1144,Karan,Finance,57742,36,Delhi,2026
1145,Neha,Marketing,66471,35,Delhi,2026
1146,Diya,HR,91644,22,Hyderabad,2026
1147,Rahul,Finance,59389,42,Mumbai,2026
1148,Vivaan,HR,34067,29,Pune,2026
1149,Diya,HR,111439,26,Pune,2026
1150,Amit,Marketing,117747,25,Hyderabad,2026
